location,continent,population,life_expectancy,hospital_beds_per_thousand,gdp_per_capita,gdp,total_cases,total_deaths,total_tests,tests_per_million,cases_per_million,deaths_per_million
Afghanistan,Asia,38928341.0,64.83,0.5,1803.987,70226221095.567,38243.0,1409.0,,,982.3948058819152,36.19470965896029
Albania,Europe,2877800.0,78.57,2.89,11803.431,33967913731.800003,9728.0,296.0,,,3380.3599972200986,102.85634859962471
Algeria,Africa,43851043.0,76.88,1.9,13913.839,610136352284.077,45158.0,1525.0,,,1029.804467820754,34.77682389447384
Andorra,Europe,77265.0,83.73,,,,1199.0,53.0,,,15518.022390474342,685.9509480359801
Angola,Africa,32866268.0,61.15,,5819.495,191265082294.66,2729.0,109.0,,,83.03346154178503,3.3164702484626485
Anguilla,North America,15002.0,81.88,,,,3.0,0.0,,,199.97333688841488,0.0
Antigua and Barbuda,North America,97928.0,77.02,3.8,21490.943,2104565066.1039999,94.0,3.0,,,959.8888979658525,30.634752062739974
Argentina,South America,45195777.0,76.67,5.0,18933.907,855732638510.739,428226.0,8971.0,1118923.0,24757.246678157564,9474.91178213398,198.49199627655477
Armenia,Asia,2963234.0,75.09,4.2,8787.58,26039655833.72,44075.0,884.0,,,14873.951905249467,298.32271093001765
Aruba,North America,106766.0,76.29,,35973.781,3840776702.2460003,2211.0,12.0,,,20708.839892849785,112.39533184721728
Australia,Oceania,25499881.0,83.44,3.84,44648.71,1138536791803.51,25923.0,663.0,6255797.0,245326.51740610084,1016.5929793946882,26.000121333899557
Austria,Europe,9006400.0,81.54,7.37,45436.686,409220968790.4,28183.0,734.0,1210568.0,134411.9737075857,3129.2192218866585,81.4976017054539
Azerbaijan,Asia,10139175.0,73.0,4.7,15847.419,160679754539.325,36732.0,538.0,,,3622.779959907981,53.061516346251054
Bahamas,North America,393248.0,73.92,2.9,27717.847,10899987897.056,2337.0,47.0,,,5942.814712344373,119.51745463422573
Bahrain,Asia,1701583.0,77.29,2.0,43290.705,73662727686.015,52440.0,190.0,1118837.0,657527.1379650596,30818.361490447423,111.66073003785299
Bangladesh,Asia,164689383.0,72.59,0.8,3523.984000000001,580362750661.8722,317528.0,4351.0,1514126.0,9193.828845663962,1928.0417123185166,26.419432271477998
Barbados,North America,287371.0,79.19,5.8,16978.068,4879004379.228,176.0,7.0,,,612.4487161195806,24.358755754756046
Belarus,Europe,9449321.0,74.79,11.0,17167.967,162225631100.407,72141.0,691.0,1534792.0,162423.52228271216,7634.516808138913,73.12694742828612
Belgium,Europe,11589616.0,81.63,5.64,42658.576,494396514946.81604,85817.0,9898.0,2281853.0,196887.7139673998,7404.645675922308,854.0403754533369
Belize,North America,397621.0,74.62,1.3,7824.361999999999,3111130642.8019996,1101.0,13.0,,,2768.968439795685,32.694450242819165
Benin,Africa,12123198.0,61.77,0.5,2064.236,25025141746.727997,2194.0,40.0,,,180.97534990354856,3.299459433063784
Bermuda,North America,62273.0,82.59,,50669.315,3155330252.9950004,172.0,9.0,,,2762.0316991312447,144.52491448942558
Bhutan,Asia,771612.0,71.78,1.7,8708.597,6719657948.363999,227.0,0.0,,,294.189307579457,0.0
Bolivia,South America,11673029.0,71.51,1.1,6885.8290000000015,80378481606.04102,117928.0,5203.0,238965.0,20471.55027199881,10102.604902292283,445.7283537974591
Bonaire Sint Eustatius and Saba,North America,26221.0,77.79,,,,18.0,0.0,,,686.4726745738149,0.0
Bosnia and Herzegovina,Europe,3280815.0,77.4,3.5,11713.895,38431122424.425,20517.0,627.0,,,6253.629052537251,191.11105015064854
Botswana,Africa,2351625.0,69.59,1.8,15807.374,37173015882.75,1724.0,6.0,,,733.1100834529315,2.551427204592569
Brazil,South America,212559409.0,75.88,2.2,14103.452,2997821421979.8677,3997865.0,123780.0,4797948.0,22572.26825466004,18808.224104537287,582.3313142538893
British Virgin Islands,North America,30237.0,79.07,,,,47.0,1.0,,,1554.38700929325,33.07206402751596
Brunei,Asia,437483.0,75.86,2.7,71809.25099999999,31415326555.232994,144.0,3.0,,,329.1556471908623,6.857409316476297
Bulgaria,Europe,6948445.0,75.05,7.454,18563.307,128986117707.615,16454.0,642.0,415797.0,59840.2952027396,2368.011835741666,92.39477321904397
Burkina Faso,Africa,20903278.0,61.58,0.4,1703.102,35600414568.356,1378.0,55.0,,,65.92267490295063,2.631166269711382
Burundi,Africa,11890781.0,61.58,0.8,702.225,8350003687.725,448.0,1.0,,,37.676246833576364,0.08409876525351867
Cambodia,Asia,16718971.0,69.82,0.8,3645.07,60941819622.97,274.0,0.0,,,16.388568411297562,0.0
Cameroon,Africa,26545864.0,59.29,1.3,3364.926,89324867966.064,19460.0,415.0,,,733.0708844134815,15.6333205052207
Canada,North America,37742157.0,82.43,2.5,44017.59099999999,1661318830283.7866,129923.0,9135.0,5545473.0,146930.47352857972,3442.384069357774,242.0370409672134
Cape Verde,Africa,555988.0,72.98,2.1,6222.554,3459665353.352,4048.0,41.0,,,7280.732677683691,73.74259876112434
Cayman Islands,North America,65720.0,83.92,,49903.029,3279627065.88,205.0,1.0,,,3119.2939744370055,15.216068167985393
Central African Republic,Africa,4829764.0,53.28,1.0,661.24,3193633147.36,4712.0,62.0,,,975.6170280783906,12.837066158926191
Chad,Africa,16425859.0,54.24,,1768.1529999999998,29043431868.427,1017.0,77.0,,,61.91457019081924,4.687730486423876
Chile,South America,19116209.0,80.18,2.11,22767.037,435219437602.73303,414739.0,11344.0,2458762.0,128621.84128662749,21695.67198182443,593.4230997369824
China,Asia,1439323774.0,76.91,4.34,15308.712,22034193130919.086,89953.0,4727.0,,,62.496709652765034,3.284181144915904
Colombia,South America,50882884.0,77.29,1.71,13254.949,674450032392.916,633339.0,20348.0,2647702.0,52035.218758433584,12446.994946277024,399.89871643281856
Comoros,Africa,869595.0,64.32,2.2,1413.89,1229511674.5500002,427.0,7.0,,,491.0331821135126,8.049724296942829
Congo,Africa,5518092.0,64.57,,4881.406,26936047397.352,4628.0,102.0,,,838.6956940913635,18.484650129066353
Costa Rica,North America,5094114.0,80.28,1.13,15524.995,79086094379.43001,43305.0,453.0,131623.0,25838.251754868463,8500.987610406833,88.92616066307114
Cote d'Ivoire,Africa,26378275.0,57.78,,3601.006,94988326544.65,18161.0,117.0,127804.0,4845.047676544429,688.4832309921707,4.435468202526511
Croatia,Europe,4105268.0,78.49,5.54,22669.797,93065592190.596,10725.0,191.0,175346.0,42712.43680071557,2612.4969185933783,46.525586149308644
Cuba,North America,11326616.0,78.8,5.2,,,4126.0,98.0,403181.0,35595.89201223031,364.27473130544905,8.652187025674747
Curacao,North America,164100.0,78.88,,,,68.0,1.0,,,414.38147471054236,6.0938452163315056
Cyprus,Europe,875899.0,80.98,3.4,32415.132,28392381703.668003,1495.0,21.0,,,1706.8177952024148,23.975367022910177
Czech Republic,Europe,10708982.0,79.38,6.63,32605.906000000006,349176060447.6921,25773.0,425.0,910872.0,85056.82426210072,2406.671334399479,39.686311920218
Democratic Republic of Congo,Africa,89561404.0,60.68,,808.133,72377526098.73201,10113.0,258.0,,,112.91694355305104,2.8807051751890804
Denmark,Europe,5792203.0,80.9,2.5,46682.515,270394603430.54498,17195.0,626.0,2447911.0,422621.7554875062,2968.645953879724,108.07632260126242
Djibouti,Africa,988002.0,67.11,1.4,2705.406,2672946538.812,5387.0,60.0,,,5452.418112513942,60.728622006838044
Dominica,North America,71991.0,75.0,3.8,9673.367,696395363.697,20.0,0.0,,,277.8125043408204,0.0
Dominican Republic,North America,10847904.0,74.08,1.6,14600.861,158388738445.344,95627.0,1765.0,,,8815.251314908392,162.70424222043263
Ecuador,South America,17643060.0,77.01,1.5,10581.936000000003,186697731764.16006,115457.0,6619.0,258266.0,14638.390392596295,6544.046214205472,375.16167830297013
Egypt,Africa,102334403.0,71.99,1.6,10550.206,1079649032537.0181,99280.0,5461.0,,,970.1527256674376,53.36426304260552
El Salvador,North America,6486201.0,73.32,1.3,7292.458,47300348372.058,25904.0,739.0,310444.0,47862.22320276538,3993.709106455381,113.9341811948165
Equatorial Guinea,Africa,1402985.0,58.74,2.1,22604.873,31714297745.905,4965.0,83.0,,,3538.8831669618708,59.15957761487115
Eritrea,Africa,3546427.0,66.32,0.7,1510.4589999999996,5356732579.992999,319.0,0.0,,,89.94968738958958,0.0
Estonia,Europe,1326539.0,78.74,4.69,29481.252,39108030546.828,2415.0,64.0,151940.0,114538.66037862438,1820.5269502065148,48.245848783940765
Ethiopia,Africa,114963583.0,66.6,0.3,1729.927,198878606248.44098,54409.0,846.0,869430.0,7562.655732467907,473.27160984535425,7.358852063613918
Faeroe Islands,Europe,48865.0,80.67,,,,411.0,0.0,,,8410.928067123708,0.0
Falkland Islands,South America,3483.0,81.44,,,,13.0,0.0,,,3732.4145851277635,0.0
Fiji,Oceania,896444.0,67.44,2.3,8702.975,7801729720.900001,29.0,2.0,8408.0,9379.280802816462,32.35004082798256,2.231037298481556
Finland,Europe,5540718.0,81.91,3.28,40585.721,224874034887.67798,8161.0,336.0,688714.0,124300.49679481973,1472.9137992585077,60.64196012141387
France,Europe,65273512.0,82.66,5.98,38605.671,2519927729286.5522,293024.0,30686.0,,,4489.171656643816,470.11412531318985
French Polynesia,Oceania,280904.0,77.66,,,,596.0,0.0,,,2121.7212998034915,0.0
Gabon,Africa,2225728.0,66.47,6.3,16562.413,36863426361.664,8538.0,53.0,,,3836.048250280358,23.812433504902664
Gambia,Africa,2416664.0,62.05,1.1,1561.767,3774266085.288,3067.0,97.0,,,1269.1048486674192,40.13797532466243
Georgia,Asia,3989175.0,73.77,2.6,9745.079,38874825519.825,1548.0,19.0,,,388.05016074752297,4.762889569898538
Germany,Europe,83783945.0,81.33,8.0,45229.245,3789484575471.5254,246116.0,9321.0,11208091.0,133773.73194828676,2937.5078960533547,111.25043109392855
Ghana,Africa,31072945.0,64.07,0.9,4227.63,131364914470.35,44658.0,276.0,442185.0,14230.54686319562,1437.1988236068387,8.882325122385407
Gibraltar,Europe,33691.0,79.93,,,,295.0,0.0,,,8756.04760915378,0.0
Greece,Europe,10423056.0,82.24,4.21,24574.382,256140159751.39203,10757.0,273.0,966346.0,92712.34847054453,1032.0389720634716,26.19193449598659
Greenland,North America,56772.0,71.7,,,,14.0,0.0,,,246.60043683505953,0.0
Grenada,North America,112519.0,72.4,3.7,13593.877,1529569446.163,24.0,0.0,,,213.2973097876803,0.0
Guam,Oceania,168783.0,80.07,,,,1447.0,13.0,,,8573.13828999366,77.02197496193337
Guatemala,North America,17915567.0,74.3,0.6,7423.808000000001,133001729619.13602,75664.0,2790.0,,,4223.366193210631,155.7304884629105
Guernsey,Europe,67052.0,,,,,252.0,13.0,,,3758.2771580266062,193.87937719978524
Guinea,Africa,13132792.0,61.6,0.3,1998.926,26251479381.392,9479.0,59.0,,,721.7810196034476,4.492570962823442
Guinea-Bissau,Africa,1967998.0,58.32,,1548.675,3047789302.65,2205.0,34.0,,,1120.4279679146016,17.276440321585692
Guyana,South America,786559.0,69.91,1.6,7435.047,5848103133.273,1382.0,41.0,,,1757.0201345353623,52.12577823151219
Haiti,North America,11402533.0,64.0,0.7,1653.1729999999998,18850359687.208996,8258.0,206.0,,,724.2250471890763,18.066161264343634
Honduras,North America,9904608.0,75.27,0.7,4541.795,44984699091.36,62526.0,1924.0,,,6312.819245345197,194.25301839305504
Hong Kong,Asia,7496988.0,84.86,,56054.92,420243062580.95996,,,780410.0,104096.47180974546,,
Hungary,Europe,9660350.0,76.88,7.02,26777.561,258680611406.35,6622.0,619.0,437531.0,45291.42318860083,685.4824100576066,64.07635334123505
Iceland,Europe,341250.0,82.99,2.91,46482.958,15862309417.5,2121.0,10.0,88829.0,260304.7619047619,6215.384615384615,29.304029304029303
India,Asia,1380004385.0,69.66,0.53,6426.674,8868838300965.49,3853406.0,67376.0,44337201.0,32128.304432887726,2792.3143157258883,48.823033268839936
Indonesia,Asia,273523621.0,71.72,1.04,11188.744,3060385773322.024,180646.0,7616.0,1312477.0,4798.404595557764,660.4402184336394,27.844030333307117
Iran,Asia,83992953.0,76.68,1.5,19082.62,1602805604776.8599,378752.0,21797.0,3256122.0,38766.60938448015,4509.330681587061,259.5098662622327
Iraq,Asia,40222503.0,70.6,1.4,15663.986,630044723876.958,242284.0,7201.0,1624331.0,40383.637984935944,6023.593310441172,179.0291369982619
Ireland,Europe,4937796.0,82.3,2.96,67335.293,332487940434.228,29114.0,1777.0,844706.0,171069.4406978336,5896.152858481801,359.8771597692574
Isle of Man,Europe,85032.0,81.4,,,,336.0,24.0,,,3951.4535704205477,282.2466836014677
Israel,Asia,8655541.0,82.97,2.99,33132.32,286778154185.12,122539.0,969.0,2353984.0,271962.66530307004,14157.289532797546,111.95140777451115
Italy,Europe,60461828.0,83.51,3.18,35220.084,2129470660953.5522,271515.0,35497.0,5214766.0,86248.89740349895,4490.684601861525,587.0976974100089
Jamaica,North America,2961161.0,74.47,1.7,8193.571,24262482895.931,2822.0,27.0,,,953.0045816488871,9.118045253196296
Japan,Asia,126476458.0,84.63,13.05,39002.223,4932863019166.134,69599.0,1319.0,1816394.0,14361.51856814333,550.2921342088817,10.428818302296227
Jersey,Europe,101073.0,,,,,381.0,32.0,,,3769.552699534,316.60285140443045
Jordan,Asia,10203140.0,74.53,1.4,8337.49,85068577718.59999,2161.0,15.0,,,211.79754467742282,1.4701356641190848
Kazakhstan,Asia,18776707.0,73.6,6.7,24055.588,451684727588.716,132354.0,1889.0,2434444.0,129652.33999763643,7048.839820528701,100.60336990932436
Kenya,Africa,53771300.0,66.7,1.4,2993.028,160939006496.4,34493.0,577.0,445722.0,8289.217482188455,641.4760290340759,10.730631396302488
Kosovo,Europe,1932774.0,,,9795.834,18933133263.516003,13558.0,523.0,,,7014.788071445498,270.59552746466994
Kuwait,Asia,4270563.0,75.49,2.0,65530.537,279852286682.331,86478.0,535.0,621616.0,145558.3256821173,20249.789079332164,125.27622236225059
Kyrgyzstan,Asia,6524191.0,71.45,4.5,3393.474,22139672529.534,44135.0,1500.0,,,6764.823408756733,229.91356322952532
Laos,Asia,7275556.0,67.92,1.5,6397.36,46544350932.159996,22.0,0.0,,,3.0238238837004348,0.0
Latvia,Europe,1886202.0,75.29,5.57,25063.846,47275476452.892006,1406.0,34.0,256350.0,135908.03105923967,745.4132696285976,18.02564094407704
Lebanon,Asia,6825442.0,78.93,2.9,13367.565,91239539588.73001,18375.0,177.0,,,2692.133344624421,25.932386503320956
Lesotho,Africa,2142252.0,54.33,,2851.153,6107888216.556,1085.0,31.0,,,506.476362258035,14.470753207372429
Liberia,Africa,5057677.0,64.1,0.8,752.788,3807358553.476,1305.0,82.0,,,258.02359462654493,16.212976827108573
Libya,Africa,6871287.0,72.91,3.7,17881.509,122868980332.083,15156.0,250.0,,,2205.700329501591,36.38328598412495
Liechtenstein,Europe,38137.0,82.49,2.397,,,108.0,1.0,,,2831.895534520282,26.221254949261873
Lithuania,Europe,2722291.0,75.93,6.56,29524.265,80373640891.115,2958.0,86.0,648863.0,238351.81470313057,1086.5847920005613,31.591038577433494
Luxembourg,Europe,625976.0,82.25,4.51,94277.965,59015743418.84,7928.0,124.0,385820.0,616349.5086073588,12665.022301174486,198.09066162280982
Macedonia,Europe,2083380.0,75.8,4.28,13111.214,27315641023.32,14455.0,604.0,,,6938.244583321333,289.913505937467
Madagascar,Africa,27691019.0,67.04,0.2,1416.44,39222666952.36,15023.0,196.0,,,542.5224691081249,7.078107165359281
Malawi,Africa,19129955.0,64.26,1.3,1095.042,20948104183.109997,5579.0,175.0,,,291.63685957442135,9.14795669932313
Malaysia,Asia,32365998.0,76.16,1.9,26808.164,867672982407.672,9360.0,128.0,1262848.0,39017.737070860596,289.19238022569243,3.9547675928299815
Maldives,Asia,540542.0,78.92,,15183.616000000002,8207382159.872001,8140.0,29.0,113885.0,210686.6811459609,15058.959340809779,53.64985514539111
Mali,Africa,20250834.0,59.31,0.1,2014.306,40791376431.204,2802.0,126.0,,,138.36467179573938,6.221965969401556
Malta,Europe,441539.0,82.53,4.485,36513.323,16122056124.096998,1931.0,13.0,188539.0,427004.18309594394,4373.339614394198,29.442472805346753
Mauritania,Africa,4649660.0,64.92,,3597.633,16727770254.779999,7089.0,160.0,,,1524.6276071798798,34.41111823230086
Mauritius,Africa,1271767.0,74.99,3.4,20292.745,25807643430.414997,356.0,10.0,,,279.9254894961105,7.863075547643554
Mexico,North America,128932753.0,75.05,1.38,17336.468999999994,2235238675469.1562,610957.0,65816.0,1271295.0,9860.14003749691,4738.570966525473,510.46765440585915
Moldova,Europe,4033963.0,71.9,5.8,5189.972,20936155019.036,37740.0,1024.0,,,9355.564242904558,253.8446683819361
Monaco,Europe,39244.0,86.75,13.8,,,142.0,1.0,,,3618.3875242075223,25.481602283151563
Mongolia,Asia,3278292.0,69.87,7.0,11840.846,38817750715.032,306.0,0.0,,,93.34128869545482,0.0
Montenegro,Europe,628062.0,76.88,3.861,16409.288,10306050239.856,5019.0,104.0,,,7991.24927156873,165.58874760772025
Montserrat,North America,4999.0,74.16,,,,13.0,1.0,,,2600.520104020804,200.0400080016003
Morocco,Africa,36910558.0,76.68,1.1,7485.013000000001,276276006467.254,65453.0,1216.0,1956416.0,53004.23797440288,1773.2866568963818,32.94450330444747
Mozambique,Africa,31255435.0,60.85,0.7,1136.103,35509393469.805,4117.0,25.0,,,131.72109106784148,0.7998608881943252
Myanmar,Asia,54409794.0,67.13,0.9,5591.597,304237640901.018,1058.0,6.0,156042.0,2867.902789707309,19.44502859172744,0.11027426422529737
Namibia,Africa,2540916.0,63.71,,9541.808,24244932616.128002,7844.0,82.0,,,3087.075684516922,32.271826380722544
Nepal,Asia,29136808.0,70.78,0.3,2442.804,71175511129.632,41649.0,251.0,705560.0,24215.41851804769,1429.4290575686946,8.614533204872682
Netherlands,Europe,17134873.0,82.28,3.32,48472.545,830570902561.7849,71971.0,6226.0,1464715.0,85481.52063922504,4200.264571555331,363.35256176103553
New Caledonia,Oceania,285491.0,77.55,,,,23.0,0.0,,,80.56295995320343,0.0
New Zealand,Oceania,4822233.0,82.29,2.61,36085.843,174014342947.419,1408.0,22.0,777560.0,161244.80090447725,291.98091423620554,4.5622017849407115
Nicaragua,North America,6624554.0,74.48,0.9,5321.444,35252193135.976006,4494.0,137.0,,,678.3852920513592,20.680637519144685
Niger,Africa,24206636.0,62.42,0.3,926.0,22415344936.0,1177.0,69.0,,,48.62303047808874,2.8504580314257626
Nigeria,Africa,206139587.0,54.69,,5338.4540000000015,1100466702778.4983,54463.0,1027.0,405916.0,1969.1317223799424,264.2044684022773,4.9820610148015865
Northern Mariana Islands,Oceania,57557.0,76.74,,,,57.0,2.0,,,990.322636690585,34.74816269089772
Norway,Europe,5421242.0,82.4,3.6,64800.057,351296790610.794,10871.0,264.0,711225.0,131192.26184700849,2005.2600492654635,48.697328029259715
Oman,Asia,5106622.0,77.86,1.6,37960.709,193850991714.99802,85928.0,689.0,,,16826.779033184754,134.9228511528756
Pakistan,Asia,220892331.0,67.27,0.6,5034.708,1112128386024.348,297014.0,6328.0,2662508.0,12053.419817458489,1344.6098316559483,28.64744091092959
Palestine,Asia,5101416.0,74.05,,4449.898,22700780855.568,31333.0,184.0,,,6142.0201763588775,36.06841708262961
Panama,North America,4314768.0,78.51,2.3,22267.037,96077098702.416,94084.0,2030.0,336345.0,77952.04747972544,21805.11211726795,470.4772075810333
Papua New Guinea,Oceania,8947027.0,64.5,,3823.194,34206219944.238,471.0,5.0,,,52.64318527260508,0.5588448542739393
Paraguay,South America,7132530.0,74.25,1.3,8827.01,62958913635.3,19138.0,358.0,185921.0,26066.627129503835,2683.199369648638,50.19256841541501
Peru,South America,32971846.0,76.74,1.6,12236.706,403466785779.276,663437.0,29259.0,584232.0,17719.117091593842,20121.318048131125,887.3934446982435
Philippines,Asia,109581085.0,71.23,1.0,7599.188,832727266158.98,226440.0,3623.0,2403510.0,21933.621117184593,2066.4150204389744,33.0622753005229
Poland,Europe,37846605.0,78.73,6.62,27216.445,1030050043419.225,68517.0,2078.0,2628272.0,69445.3835423283,1810.3869554481835,54.905849547139034
Portugal,Europe,10196707.0,82.05,3.39,27936.896,284864343001.472,58633.0,1827.0,2058544.0,201883.21582644279,5750.189742629655,179.17549263698564
Puerto Rico,North America,2860840.0,80.1,,35044.67,100257193722.79999,34003.0,443.0,,,11885.669943093637,154.849624585786
Qatar,Asia,2881060.0,80.23,1.2,116935.6,336898479736.0,119206.0,199.0,634745.0,220316.48073972773,41375.74364990663,69.0717999625138
Romania,Europe,19237682.0,76.05,6.892,23313.199,448491908764.718,89891.0,3721.0,1825272.0,94880.03804200527,4672.652349695769,193.4224715846743
Russia,Europe,145934460.0,72.58,8.05,24765.954,3614206123374.8403,1005000.0,17414.0,37176827.0,254750.1597634993,6886.65309070935,119.3275392254852
Rwanda,Africa,12952209.0,69.02,,1854.211,24016128402.099,4218.0,17.0,393237.0,30360.612618280018,325.6587351238696,1.3125174246338984
Saint Kitts and Nevis,North America,53192.0,76.23,2.3,24654.385,1311416046.9199998,17.0,0.0,,,319.59693186945407,0.0
Saint Lucia,North America,183629.0,76.2,1.3,12951.839,2378333243.731,26.0,0.0,,,141.58983602807837,0.0
Saint Vincent and the Grenadines,North America,110947.0,72.53,2.6,10727.146,1190144667.262,61.0,0.0,,,549.8120724309806,0.0
San Marino,Europe,33938.0,84.97,3.8,56861.47,1929764568.8600001,735.0,42.0,,,21657.13948965761,1237.5508279804349
Sao Tome and Principe,Africa,219161.0,70.39,2.9,3052.7140000000004,669035852.9540001,896.0,15.0,,,4088.3186333334856,68.4428342633954
Saudi Arabia,Asia,34813867.0,75.13,2.7,49045.41099999999,1707460415514.3367,317486.0,3956.0,5160518.0,148231.68020949812,9119.526997675955,113.63288082878009
Senegal,Africa,16743930.0,67.94,,2470.58,41367218579.4,13743.0,287.0,153078.0,9142.29813430897,820.7750510184885,17.140539885200187
Serbia,Europe,6804596.0,76.0,5.609,14048.881,95596959457.07599,31581.0,716.0,931037.0,136824.72846293886,4641.127849471151,105.2229992787228
Seychelles,Africa,98340.0,73.4,3.6,26382.287,2594434103.58,136.0,0.0,,,1382.9570876550742,0.0
Sierra Leone,Africa,7976985.0,54.7,,1390.3,11090402245.5,2029.0,71.0,,,254.35675258258604,8.900605930686845
Singapore,Asia,5850343.0,83.62,2.4,85535.383,500411329186.369,56860.0,27.0,805214.0,137635.34890176525,9719.08826542307,4.615114019810463
Sint Maarten (Dutch part),North America,42882.0,78.95,,36327.232,1557784362.624,482.0,19.0,,,11240.14738118558,443.07634905088383
Slovakia,Europe,5459643.0,77.54,5.82,30155.152,164636364530.736,4042.0,33.0,340123.0,62297.66305232778,740.341447233821,6.044351251537876
Slovenia,Europe,2078932.0,81.32,4.5,31400.84,65280211102.88,2988.0,128.0,160479.0,77193.00102167844,1437.2764477144995,61.57007540410172
Somalia,Africa,15893219.0,57.4,0.9,,,3310.0,98.0,,,208.26492103330358,6.166151740563066
South Africa,Africa,59308690.0,64.13,2.32,12294.876,729192989272.4401,630595.0,14389.0,3705408.0,62476.64549663801,10632.421656927509,242.61200171509435
South Korea,Asia,51269183.0,83.03,12.27,35938.374,1842531073328.4421,20644.0,329.0,1923547.0,37518.581093831745,402.65903983685484,6.417110255101978
South Sudan,Africa,11193729.0,57.85,,1569.888,17572900832.351997,2532.0,47.0,,,226.19807929957926,4.19877951306486
Spain,Europe,46754783.0,83.56,2.97,34272.36,1602396754697.8801,479554.0,29194.0,6416533.0,137238.00193875353,10256.790198341847,624.4067050851247
Sri Lanka,Asia,21413250.0,76.98,3.6,11669.077,249872863070.25,3101.0,12.0,,,144.81687740067483,0.560400686490841
Sudan,Africa,43849269.0,65.31,0.8,4466.507000000001,195853066933.38306,13189.0,823.0,,,300.7803847311571,18.768841961766796
Suriname,South America,586634.0,71.68,3.1,13767.119,8076260087.446,4149.0,72.0,,,7072.552903513945,122.73410678549146
Swaziland,Africa,1160164.0,60.19,2.1,7738.975,8978480191.9,4668.0,94.0,,,4023.5690816126,81.02302777883126
Sweden,Europe,10099270.0,82.8,2.22,46949.283,474153485323.41003,84532.0,5820.0,,,8370.109918835718,576.2792756308129
Switzerland,Europe,8654618.0,83.78,4.53,57410.166,496863056046.58795,42655.0,1726.0,1023203.0,118226.24638083391,4928.582636460674,199.43110140736425
Syria,Asia,17500657.0,72.7,1.5,,,2898.0,120.0,,,165.59378313625598,6.856885430072711
Taiwan,Asia,23816775.0,80.46,,,,489.0,7.0,87646.0,3680.0112525730287,20.531747056433964,0.2939104895604044
Tajikistan,Asia,9537642.0,71.1,4.8,2896.913,27629719099.146,8654.0,69.0,,,907.3521526599552,7.234492550674475
Tanzania,Africa,59734213.0,65.46,0.7,2683.304,160285052679.752,509.0,21.0,,,8.52107987092757,0.3515573227691139
Thailand,Asia,69799978.0,77.15,2.1,16277.671,1136181077691.238,3427.0,58.0,419970.0,6016.764074051714,49.09743667827517,0.8309458206419492
Timor,Asia,1318442.0,69.5,5.9,6570.102,8662298421.084,27.0,0.0,,,20.47871654574111,0.0
Togo,Africa,8278737.0,61.04,0.7,1429.813,11837045786.181002,1434.0,30.0,54709.0,6608.375166405213,173.21482733416946,3.623741157618608
Trinidad and Tobago,North America,1399491.0,73.51,3.0,28763.071,40253658996.861,1920.0,28.0,,,1371.9273650205682,20.00727407321662
Tunisia,Africa,11818618.0,76.7,2.3,10849.297,128223696811.546,4196.0,81.0,140714.0,11906.129802993886,355.0330503955708,6.853593203536995
Turkey,Asia,84339067.0,77.69,2.81,25129.341,2119385174264.847,273301.0,6462.0,7247935.0,85938.05051222585,3240.503004378742,76.61929672520566
Turks and Caicos Islands,North America,38718.0,80.22,,,,555.0,4.0,,,14334.418100108476,103.31112144222325
Uganda,Africa,45741000.0,63.37,0.5,1697.707,77654815887.0,3112.0,32.0,381749.0,8345.882250060122,68.03524190551147,0.6995911764062875
Ukraine,Europe,43733759.0,72.06,8.8,7894.393,345251480913.287,125789.0,2656.0,1597707.0,36532.57887116449,2876.244870695885,60.731116207047286
United Arab Emirates,Asia,9890400.0,77.97,1.2,67293.483,665559464263.2,71540.0,387.0,7177430.0,725696.6351209254,7233.276712771981,39.12885222033487
United Kingdom,Europe,67886004.0,81.32,2.54,39753.244,2698688881196.976,338676.0,41514.0,13447568.0,198090.43407533606,4988.892850432027,611.5251679860255
United States,North America,331002647.0,78.86,2.77,54225.446,17948766160755.562,6114406.0,185744.0,83898416.0,253467.50776890313,18472.377956542445,561.1556332961893
United States Virgin Islands,North America,104423.0,80.58,,,,1144.0,15.0,,,10955.440851153482,143.6465146567327
Uruguay,South America,3473727.0,77.91,2.8,20551.409,71389984331.343,1626.0,44.0,175080.0,50401.19733070561,468.0851431330096,12.666510638285622
Uzbekistan,Asia,33469199.0,71.72,4.0,6253.104,209286382143.696,42540.0,329.0,,,1271.0193632061525,9.829933486009033
Vatican,Europe,809.0,75.12,,,,12.0,0.0,,,14833.127317676144,0.0
Venezuela,South America,28435943.0,72.06,0.8,16745.022,476160491125.74603,48883.0,398.0,,,1719.0567585537783,13.996370719972255
Vietnam,Asia,97338583.0,75.4,2.6,6171.884,600762443000.372,1046.0,35.0,261004.0,2681.4033239008627,10.745995757920577,0.3595696477315681
Western Sahara,Africa,597330.0,70.26,,,,766.0,1.0,,,1282.3732275291716,1.674116485025028
Yemen,Asia,29825968.0,66.12,0.7,1479.1470000000004,44116991089.29601,1976.0,571.0,,,66.2509930943398,19.144391223111352
Zambia,Africa,18383956.0,63.89,2.0,3689.251,67823028056.956,12415.0,292.0,,,675.3171080261507,15.883414864569954
Zimbabwe,Africa,14862927.0,61.49,1.7,1899.775,28236217141.425003,6638.0,206.0,97272.0,6544.605917798021,446.6145867499719,13.85998868190633
